ID,Name,Age,City,Salary
353,Sneha,23,,35000
690,Sneha,22,Kolkata,25000
486,Sneha,25,Kolkata,40000
389,Amit,25,Mumbai,25000
32,Rohan,23,Mumbai,40000
443,Mohan,20,Kolkata,35000
199,Mohan,,Bangalore,35000
426,Priya,20,Delhi,40000
108,Mohan,21,Bangalore,30000
715,Aisha,23,Chennai,35000
553,Amit,24,Mumbai,35000
676,,21,Bangalore,35000
159,Sneha,20,Kolkata,40000
476,Sneha,23,Delhi,40000
424,,25,Mumbai,25000
211,Sneha,23,Delhi,35000
618,Rohan,,Chennai,
484,,20,Delhi,35000
885,,24,Mumbai,25000
651,Rohan,20,Mumbai,25000
245,Sneha,20,Kolkata,35000
848,Priya,24,Chennai,25000
983,Mohan,22,Bangalore,45000
829,Aisha,23,Kolkata,25000
571,Sneha,,Chennai,25000
60,Priya,20,,30000
291,Rohan,20,,30000
71,Priya,,Chennai,25000
345,Sneha,22,Delhi,40000
185,,23,,
142,Rohan,21,Chennai,25000
391,Sneha,20,,45000
492,Amit,,,45000
827,Amit,,Kolkata,40000
102,,,Kolkata,25000
750,,23,Delhi,35000
552,Rohan,,Bangalore,30000
307,,,Chennai,45000
987,Mohan,25,Mumbai,45000
322,Mohan,,Delhi,
800,Rohan,24,Kolkata,45000
731,Sneha,20,Chennai,
678,Amit,23,,
654,Mohan,25,Kolkata,45000
77,Sneha,21,Chennai,45000
193,,25,Mumbai,45000
87,Priya,25,Mumbai,40000
459,Amit,22,Mumbai,30000
440,Mohan,20,Bangalore,25000
919,Sneha,,Kolkata,40000
661,Rohan,24,Kolkata,40000
310,Rohan,24,Bangalore,30000
744,Mohan,25,Bangalore,30000
874,Amit,20,Kolkata,25000
399,,23,Delhi,35000
617,Priya,25,Mumbai,25000
50,Aisha,25,Kolkata,30000
200,Amit,22,Delhi,45000
599,,23,Mumbai,35000
970,,23,,30000
883,Aisha,21,Mumbai,35000
429,,25,Bangalore,30000
498,Priya,22,Delhi,
604,Rohan,20,Delhi,
11,,20,Delhi,25000
889,Sneha,25,Bangalore,
671,Aisha,24,Kolkata,45000
938,Rohan,,Delhi,45000
929,Amit,21,,30000
558,,,Bangalore,40000
637,Amit,24,Mumbai,25000
834,,21,Mumbai,30000
372,Sneha,22,Delhi,25000
835,Rohan,20,Delhi,45000
583,Mohan,24,Chennai,45000
334,Priya,24,Mumbai,40000
946,Rohan,24,Mumbai,35000
211,Sneha,23,Delhi,35000
320,,23,Chennai,25000
458,,22,Mumbai,30000
89,Amit,21,Bangalore,30000
880,Amit,25,Bangalore,35000
351,Sneha,,Chennai,30000
219,Rohan,25,Mumbai,30000
414,Amit,25,Chennai,
278,Aisha,22,Delhi,45000
960,Priya,20,Chennai,45000
926,Aisha,22,Bangalore,25000
214,,20,,35000
97,Priya,22,Bangalore,40000
79,Priya,20,Delhi,35000
704,Rohan,,Kolkata,35000
137,,21,Bangalore,40000
209,Priya,23,Delhi,40000
523,Mohan,23,Delhi,35000
838,,23,Bangalore,30000
733,Mohan,22,,
569,Rohan,25,,40000
261,Mohan,24,Chennai,25000
468,Mohan,24,Mumbai,35000
40,,24,Mumbai,40000
31,Priya,25,Bangalore,
698,Priya,22,Bangalore,45000
452,Mohan,,Chennai,25000
55,Rohan,20,Chennai,30000
24,Priya,22,Mumbai,35000
514,Sneha,21,Kolkata,35000
114,Priya,20,Bangalore,35000
110,Amit,25,Delhi,45000
507,Amit,22,Chennai,25000
967,Aisha,20,Bangalore,35000
950,,21,Delhi,35000
4,,20,Kolkata,45000
276,Priya,23,Chennai,30000
657,Amit,,Delhi,35000
785,Mohan,,Delhi,25000
855,Priya,23,Bangalore,30000
760,Amit,,,
797,Priya,21,Chennai,40000
903,Mohan,23,Chennai,40000
395,Amit,22,Chennai,25000
487,Aisha,25,,35000
615,Mohan,25,Mumbai,40000
878,Sneha,24,Kolkata,45000
175,Amit,20,Delhi,45000
918,,24,Kolkata,30000
59,Rohan,21,Kolkata,40000
266,Rohan,22,Mumbai,
64,Rohan,22,Chennai,30000
790,Amit,,Delhi,35000
262,Priya,22,Chennai,
101,Sneha,,Kolkata,35000
925,Sneha,21,,25000
300,Priya,,Mumbai,40000
616,Aisha,22,Bangalore,25000
179,Rohan,,Chennai,
934,Aisha,25,Bangalore,40000
779,Amit,24,,25000
140,Priya,,Delhi,30000
804,Amit,23,Chennai,45000
169,Rohan,22,Kolkata,35000
67,Mohan,20,Bangalore,35000
257,Rohan,23,Chennai,30000
68,Priya,,Bangalore,
987,Mohan,25,Mumbai,45000
13,Aisha,23,Kolkata,40000
532,Mohan,25,Kolkata,45000
320,,23,Chennai,25000
985,Mohan,23,Mumbai,25000
867,Sneha,21,,25000
577,Sneha,,Bangalore,30000
335,Amit,24,Kolkata,30000
287,Sneha,23,Bangalore,
912,Mohan,20,,25000
324,,20,Delhi,25000
891,Aisha,20,Kolkata,40000
537,Amit,,Delhi,40000
693,Sneha,24,Kolkata,40000
650,Aisha,21,Chennai,40000
529,,21,Chennai,40000
514,Sneha,21,Kolkata,35000
586,Priya,21,,40000
3,Amit,22,Bangalore,45000
446,,23,Delhi,35000
238,Priya,24,Mumbai,
496,Sneha,,,40000
782,,21,Mumbai,45000
328,Priya,22,Mumbai,40000
548,,,Mumbai,30000
859,Priya,24,Chennai,
530,Aisha,21,Mumbai,40000
347,Priya,20,Mumbai,25000
884,Amit,25,Delhi,45000
584,Amit,23,Bangalore,45000
594,Sneha,21,,45000
588,Sneha,,Mumbai,40000
309,Rohan,25,,40000
60,Priya,20,,30000
994,Priya,23,,35000
232,Rohan,21,,35000
630,Priya,25,,40000
602,Aisha,25,Mumbai,35000
663,Amit,20,Mumbai,40000
137,,21,Bangalore,40000
916,Rohan,22,,30000
315,Priya,25,Chennai,40000
107,Amit,24,Mumbai,30000
824,Amit,,Bangalore,45000
56,,23,Bangalore,
121,Rohan,20,,25000
371,Rohan,21,Delhi,
26,Rohan,20,Kolkata,45000
73,Priya,22,Mumbai,
550,Sneha,25,Delhi,35000
45,Aisha,24,Bangalore,25000
297,Priya,25,Kolkata,25000
329,Priya,23,Chennai,30000
248,Priya,,Delhi,40000
337,Aisha,,Mumbai,35000
352,Priya,,,45000
362,Mohan,23,Chennai,25000
738,Aisha,22,Chennai,40000
961,Rohan,20,Mumbai,30000
421,Rohan,21,Delhi,
382,Sneha,,Kolkata,25000
695,Aisha,22,Mumbai,25000
540,,,Chennai,45000
450,Mohan,25,Kolkata,40000
623,Amit,25,Delhi,35000
210,Sneha,22,Chennai,40000
555,Rohan,22,,
637,Amit,24,Mumbai,25000
482,Mohan,23,,
433,Rohan,24,Delhi,40000
627,Rohan,20,Kolkata,30000
61,Sneha,25,Mumbai,35000
622,Aisha,20,,25000
756,Aisha,21,,45000
93,Priya,21,Kolkata,45000
902,Amit,22,Chennai,
463,Aisha,25,Delhi,40000
667,Amit,21,,45000
977,Mohan,21,Delhi,
478,Aisha,24,Delhi,45000
333,Sneha,20,,45000
939,Sneha,,Bangalore,
701,Rohan,25,Bangalore,40000
465,Rohan,,,35000
356,Rohan,,Bangalore,25000
363,Mohan,24,Bangalore,45000
313,Rohan,22,Chennai,40000
319,,21,Chennai,30000
974,Amit,20,Bangalore,45000
381,Aisha,,Bangalore,
183,Sneha,25,Chennai,
717,Rohan,20,Chennai,40000
111,Mohan,22,Kolkata,40000
531,Priya,22,Bangalore,25000
378,Rohan,21,Delhi,30000
714,Amit,22,Mumbai,45000
873,Priya,24,Bangalore,25000
940,Rohan,20,Bangalore,35000
732,,24,Mumbai,
293,Aisha,,Kolkata,25000
437,Mohan,20,Chennai,35000
836,Rohan,24,Mumbai,25000
308,Priya,21,Delhi,
290,Rohan,21,Mumbai,
969,Rohan,22,Bangalore,40000
216,Rohan,,Chennai,45000
631,Amit,25,Bangalore,40000
281,,24,Mumbai,40000
674,Rohan,24,,
451,Mohan,21,Mumbai,40000
299,Aisha,,Chennai,
786,Aisha,21,Bangalore,45000
138,Mohan,,Kolkata,35000
306,Priya,,Delhi,40000
808,,22,Chennai,45000
295,Amit,22,Bangalore,40000
600,Mohan,24,Chennai,35000
582,Mohan,23,Kolkata,25000
30,Amit,22,Kolkata,30000
166,Sneha,,Bangalore,25000
249,Priya,25,,35000
311,,22,Mumbai,
686,Rohan,20,,40000
844,Aisha,21,,30000
343,Aisha,21,Mumbai,30000
606,Amit,24,Chennai,
527,Aisha,,Bangalore,35000
66,Amit,21,,25000
632,Amit,22,,45000
892,Amit,,Delhi,30000
255,Amit,24,Chennai,45000
719,Aisha,22,Bangalore,40000
771,Rohan,20,Mumbai,
222,Aisha,25,Mumbai,40000
236,Aisha,23,,25000
430,Amit,,Bangalore,25000
544,Rohan,,Kolkata,25000
441,Aisha,24,Mumbai,35000
589,Sneha,24,,40000
973,,22,Mumbai,25000
250,Sneha,,Delhi,25000
579,Priya,22,Delhi,
410,Priya,22,Delhi,45000
72,,25,Chennai,30000
95,Mohan,21,Bangalore,
34,Aisha,20,Kolkata,25000
645,Mohan,24,Bangalore,40000
260,Mohan,25,Kolkata,35000
205,Priya,24,Kolkata,30000
799,,,,45000
621,Aisha,22,,
366,Amit,,Chennai,30000
78,Rohan,23,,40000
85,Sneha,,Kolkata,
995,Rohan,24,Delhi,30000
83,Sneha,23,,35000
526,Sneha,,Delhi,25000
440,Mohan,20,Bangalore,25000
568,Sneha,24,,35000
561,Amit,25,Chennai,35000
543,Amit,20,Kolkata,
888,Mohan,24,Mumbai,30000
332,Rohan,20,Chennai,25000
6,Amit,24,Kolkata,35000
480,,,Kolkata,
105,Sneha,,Mumbai,45000
98,Sneha,22,Kolkata,35000
833,Mohan,24,Mumbai,25000
788,Sneha,25,Kolkata,
425,Aisha,,Bangalore,30000
935,Rohan,24,Mumbai,25000
282,Sneha,22,Kolkata,25000
267,Rohan,22,Kolkata,25000
535,Amit,20,Delhi,35000
454,Rohan,22,Chennai,45000
360,Mohan,,,45000
491,Sneha,20,Mumbai,45000
992,,25,Mumbai,35000
817,Priya,24,,30000
119,,,,45000
635,Sneha,21,Mumbai,35000
251,,22,Delhi,30000
406,Aisha,,Bangalore,30000
718,Priya,25,Kolkata,40000
705,,25,Delhi,30000
10,Aisha,21,Bangalore,35000
860,Mohan,25,Delhi,30000
197,Priya,20,,45000
653,Priya,20,Mumbai,35000
82,Mohan,24,Delhi,45000
448,,21,Bangalore,40000
534,Mohan,23,Bangalore,
669,Aisha,24,Kolkata,
240,Aisha,23,Mumbai,25000
412,Amit,25,Chennai,30000
212,Aisha,20,,25000
774,Priya,23,Chennai,
546,Mohan,,,35000
520,,25,Kolkata,
228,Aisha,22,Delhi,25000
923,,24,Bangalore,
405,Priya,23,Bangalore,35000
890,Mohan,,Delhi,40000
178,,22,Chennai,30000
627,Rohan,20,Kolkata,30000
466,Amit,23,Bangalore,45000
431,Amit,22,Kolkata,
533,,21,Chennai,30000
696,Aisha,23,,30000
479,,20,Chennai,40000
689,Rohan,23,Delhi,45000
8,,21,Kolkata,45000
156,Aisha,24,Delhi,30000
358,Rohan,24,Bangalore,35000
585,,21,Bangalore,
224,Rohan,,Delhi,45000
330,Rohan,24,Mumbai,30000
634,,23,Delhi,25000
823,Sneha,,Delhi,30000
869,Rohan,20,Mumbai,30000
612,Aisha,23,Mumbai,
97,Priya,22,Bangalore,40000
747,Rohan,23,Mumbai,45000
679,Priya,25,Delhi,30000
810,Rohan,,Mumbai,35000
495,Mohan,25,Mumbai,30000
573,Amit,,Kolkata,40000
629,Aisha,20,,25000
763,Aisha,22,Chennai,35000
959,Mohan,,,30000
164,,25,Bangalore,30000
229,,20,Bangalore,30000
524,Priya,20,,40000
787,,24,Mumbai,35000
213,Mohan,23,,
826,Priya,,Mumbai,40000
80,Mohan,20,Mumbai,
149,Amit,24,Chennai,25000
303,Aisha,20,Bangalore,25000
449,Aisha,22,Delhi,30000
502,Sneha,24,Delhi,45000
549,Mohan,24,,25000
842,Sneha,22,,30000
44,Sneha,24,Bangalore,25000
494,Mohan,24,Mumbai,45000
134,Aisha,22,,45000
595,Amit,22,Kolkata,30000
312,Mohan,,Bangalore,
508,Priya,21,Mumbai,40000
656,Mohan,23,Mumbai,25000
517,Sneha,20,Mumbai,45000
850,Sneha,21,Kolkata,35000
812,Rohan,25,Mumbai,
1,,,Bangalore,40000
783,Aisha,,Bangalore,35000
383,,21,Mumbai,25000
317,Rohan,,Chennai,30000
762,Sneha,25,Chennai,
592,Mohan,21,Bangalore,35000
409,Priya,25,Delhi,25000
942,Amit,22,Mumbai,35000
412,Amit,25,Chennai,30000
751,Sneha,22,Chennai,
173,Mohan,,,30000
126,Priya,23,,
697,Rohan,20,Mumbai,25000
500,Sneha,25,Delhi,35000
597,Mohan,,Chennai,25000
972,,20,Bangalore,25000
91,Mohan,,Chennai,45000
812,Rohan,25,Mumbai,
182,Priya,,Delhi,45000
364,Sneha,21,,25000
275,,25,Chennai,
753,Mohan,20,Chennai,45000
963,Priya,25,Chennai,45000
70,,25,Chennai,30000
292,Priya,21,Mumbai,35000
132,Aisha,23,Kolkata,25000
301,Aisha,,Kolkata,40000
713,Amit,22,Chennai,25000
327,Rohan,,Bangalore,35000
145,Rohan,23,Bangalore,
522,Amit,,Kolkata,
964,Amit,24,Mumbai,30000
887,Mohan,20,Kolkata,
136,Mohan,24,Delhi,25000
997,Rohan,24,Chennai,45000
723,,20,,35000
165,,25,Chennai,45000
29,Sneha,,Bangalore,
680,Rohan,21,Mumbai,45000
194,Aisha,25,,40000
903,Mohan,23,Chennai,40000
814,Amit,22,Kolkata,25000
434,Aisha,,Delhi,25000
988,Sneha,22,Chennai,30000
170,,25,Chennai,
542,Priya,20,Mumbai,30000
141,,25,Mumbai,35000
174,Priya,,,40000
7,Amit,23,Mumbai,25000
821,,22,Chennai,25000
536,Mohan,,Delhi,40000
962,Sneha,23,Chennai,45000
856,Priya,24,Mumbai,45000
74,Amit,,Chennai,40000
738,Aisha,22,Chennai,40000
528,Rohan,22,Delhi,30000
239,,21,Mumbai,45000
146,,22,Kolkata,35000
853,Amit,,Delhi,35000
235,Rohan,21,Mumbai,35000
221,Rohan,24,Delhi,45000
215,Priya,23,Chennai,
712,,23,Delhi,40000
133,Rohan,21,Chennai,40000
602,Aisha,25,Mumbai,35000
907,Aisha,25,Chennai,40000
708,,20,,
423,Amit,23,Chennai,45000
186,,23,Bangalore,45000
42,Sneha,22,Mumbai,40000
768,Rohan,24,Chennai,45000
109,,21,Chennai,45000
636,Mohan,21,Delhi,40000
57,Mohan,21,Kolkata,45000
483,Mohan,20,Chennai,
754,Rohan,24,Chennai,40000
794,Sneha,,Chennai,25000
469,,20,Delhi,30000
927,Amit,21,,
436,Rohan,24,,40000
25,Amit,,Chennai,30000
550,Sneha,25,Delhi,35000
519,Aisha,25,Delhi,40000
838,,23,Bangalore,30000
668,Rohan,23,Bangalore,
175,Amit,20,Delhi,45000
998,,24,Bangalore,35000
339,Rohan,25,Bangalore,30000
52,Aisha,25,Delhi,40000
384,Sneha,25,Kolkata,30000
862,Priya,23,Bangalore,25000
990,Aisha,21,Chennai,
683,,23,Mumbai,40000
996,Sneha,23,Delhi,30000
265,Amit,23,,45000
709,Priya,21,Delhi,45000
766,Sneha,20,,25000
737,Amit,22,,45000
445,Sneha,,Mumbai,45000
396,Sneha,23,Kolkata,30000
559,Amit,21,Mumbai,35000
177,,22,Chennai,40000
19,Mohan,24,Bangalore,40000
980,,20,Delhi,45000
539,,21,Kolkata,30000
614,Priya,21,Delhi,35000
591,,22,Chennai,25000
368,Priya,22,,40000
84,Sneha,,Mumbai,30000
62,Mohan,21,Delhi,30000
515,Amit,25,,45000
273,Mohan,20,Mumbai,30000
286,Sneha,25,Bangalore,40000
361,Sneha,23,,40000
355,Sneha,23,Bangalore,45000
952,Mohan,25,Delhi,35000
279,Aisha,24,Bangalore,45000
369,Rohan,23,Delhi,30000
665,Priya,25,Bangalore,30000
619,Rohan,20,Chennai,30000
590,Amit,23,Bangalore,25000
658,Aisha,24,Mumbai,
762,Sneha,25,Chennai,
457,Sneha,20,Chennai,
394,Mohan,23,Bangalore,
685,Aisha,22,Mumbai,35000
724,Rohan,21,Chennai,
376,Aisha,22,Bangalore,30000
413,Sneha,20,,40000
75,,24,Kolkata,
948,Mohan,21,Bangalore,
501,,25,Bangalore,35000
605,Amit,21,Bangalore,
115,Priya,,Bangalore,40000
418,Rohan,25,Mumbai,
90,,23,Chennai,45000
991,Aisha,21,Kolkata,45000
933,Mohan,22,,25000
875,Priya,25,,25000
661,Rohan,24,Kolkata,40000
12,Aisha,23,,45000
397,Rohan,23,Chennai,30000
576,Sneha,20,Kolkata,40000
43,,22,,
168,Aisha,25,Mumbai,35000
417,Priya,20,Chennai,45000
968,Rohan,22,Chennai,
427,Rohan,20,Kolkata,30000
545,Mohan,22,,45000
949,Priya,22,Chennai,35000
347,Priya,20,Mumbai,25000
905,Rohan,,Bangalore,25000
662,Amit,22,Chennai,35000
258,Aisha,23,,35000
336,Amit,22,Kolkata,25000
16,Aisha,25,Kolkata,
679,Priya,25,Delhi,30000
325,Priya,23,Chennai,45000
818,Amit,21,,30000
223,Sneha,22,Delhi,35000
180,Priya,24,Delhi,35000
100,,22,,
522,Amit,,Kolkata,
23,Mohan,22,Bangalore,35000
357,Aisha,24,,35000
721,Priya,22,Mumbai,40000
928,,20,Mumbai,45000
758,Mohan,,Chennai,
341,Aisha,25,Kolkata,40000
432,,,Bangalore,35000
596,Priya,,Bangalore,35000
899,,24,Kolkata,30000
204,Sneha,23,Delhi,
761,Amit,23,Bangalore,25000
94,Mohan,24,Chennai,
603,Mohan,25,Mumbai,30000
69,Priya,20,,40000
954,Mohan,22,Kolkata,
285,Mohan,21,Bangalore,45000
866,Aisha,20,Bangalore,35000
435,Mohan,20,Kolkata,30000
154,Aisha,22,,
76,Aisha,20,Delhi,40000
789,Aisha,21,Delhi,35000
581,Priya,22,Kolkata,35000
447,Mohan,20,Mumbai,35000
189,Aisha,,Kolkata,
272,Priya,22,Kolkata,35000
237,Mohan,21,Mumbai,40000
488,Rohan,23,Bangalore,
560,Sneha,22,Delhi,
118,Amit,21,Mumbai,35000
881,Sneha,21,Kolkata,30000
513,Priya,21,,45000
598,Priya,23,Kolkata,
644,Amit,21,Kolkata,45000
127,,20,Chennai,40000
117,Rohan,23,Chennai,
474,Rohan,25,Mumbai,25000
622,Aisha,20,,25000
58,Priya,25,,45000
729,Mohan,20,,25000
981,Sneha,24,Mumbai,
370,Priya,23,Kolkata,25000
269,Sneha,25,Chennai,45000
47,,23,Mumbai,30000
350,Priya,24,Mumbai,45000
196,Sneha,25,,40000
103,Priya,25,Mumbai,
900,Rohan,24,Chennai,35000
746,Priya,21,Delhi,25000
894,,20,Bangalore,35000
264,,21,Mumbai,
444,,22,,35000
793,Priya,24,Kolkata,45000
305,Aisha,20,,25000
342,Aisha,21,Bangalore,45000
937,Sneha,25,Bangalore,30000
314,Aisha,25,Bangalore,35000
150,Aisha,25,Mumbai,45000
125,Rohan,25,Delhi,45000
847,Aisha,,Bangalore,25000
886,Rohan,20,,45000
51,Amit,24,Delhi,45000
354,Aisha,24,Mumbai,30000
999,Priya,20,Kolkata,30000
143,Priya,,,30000
471,Priya,24,Kolkata,
400,Rohan,24,,45000
930,Amit,20,Kolkata,40000
321,Sneha,,Mumbai,45000
20,Priya,25,Kolkata,35000
908,Aisha,22,Bangalore,45000
851,Priya,22,Delhi,40000
895,Rohan,23,Delhi,40000
408,Rohan,20,Bangalore,35000
538,Sneha,23,Delhi,
694,Amit,22,Chennai,35000
39,Priya,21,,25000
176,Aisha,,,40000
246,Rohan,20,Kolkata,
893,Amit,20,Kolkata,35000
722,Amit,21,Kolkata,45000
944,Priya,21,Bangalore,40000
925,Sneha,21,,25000
155,Rohan,22,Delhi,30000
639,Mohan,21,Delhi,35000
288,Aisha,20,Kolkata,30000
626,Rohan,24,Mumbai,35000
742,Priya,23,Chennai,35000
570,Amit,,Mumbai,
802,Rohan,,Kolkata,45000
18,Amit,21,Delhi,35000
128,Aisha,20,Chennai,25000
323,Aisha,24,Kolkata,40000
256,Rohan,25,,30000
791,Amit,25,Delhi,45000
500,Sneha,25,Delhi,35000
191,Priya,25,Delhi,40000
116,Amit,24,Kolkata,45000
666,Mohan,22,Delhi,25000
607,Priya,23,Mumbai,40000
181,Amit,23,,30000
302,Mohan,20,Kolkata,40000
830,Aisha,24,Mumbai,40000
901,Aisha,24,Delhi,25000
781,Sneha,,Delhi,25000
740,Mohan,24,Chennai,30000
716,Priya,22,Bangalore,40000
518,,21,Bangalore,25000
373,Amit,22,Chennai,25000
46,Priya,21,Chennai,25000
978,Aisha,20,Delhi,40000
158,,24,Bangalore,
803,Aisha,25,,25000
172,Mohan,25,Delhi,45000
17,Sneha,24,Kolkata,40000
512,,,Chennai,
49,Rohan,24,,30000
192,Amit,20,Bangalore,25000
906,Sneha,,Chennai,30000
516,Priya,23,Mumbai,40000
735,Aisha,20,Kolkata,30000
741,,23,Mumbai,35000
481,Priya,20,Delhi,
284,Priya,25,Chennai,30000
775,Sneha,,,
707,Sneha,24,Kolkata,45000
226,Amit,24,Bangalore,
27,Priya,,,45000
843,Sneha,21,Delhi,
438,,21,Mumbai,
372,Sneha,22,Delhi,25000
365,Aisha,22,Delhi,25000
230,Sneha,25,Chennai,40000
38,Priya,24,Bangalore,35000
670,Rohan,20,Chennai,25000
371,Rohan,21,Delhi,
375,,23,Kolkata,45000
470,Rohan,20,Mumbai,35000
199,Mohan,,Bangalore,35000
688,Rohan,24,Delhi,45000
917,Amit,23,Bangalore,40000
759,Amit,20,Kolkata,25000
784,Mohan,20,Mumbai,35000
195,Aisha,22,Mumbai,25000
921,Rohan,24,,35000
931,Amit,20,Bangalore,40000
504,Priya,24,Bangalore,35000
688,Rohan,24,Delhi,45000
896,Sneha,23,Chennai,40000
580,Amit,24,Chennai,45000
161,Rohan,24,Mumbai,
681,,25,Kolkata,45000
163,Mohan,24,Kolkata,25000
706,Priya,25,Delhi,40000
757,Mohan,20,Bangalore,45000
153,Aisha,21,Chennai,40000
801,,21,,40000
755,Mohan,20,Kolkata,25000
815,Sneha,23,,40000
112,Rohan,22,Bangalore,35000
227,Rohan,22,,25000
884,Amit,25,Delhi,45000
104,Rohan,22,Mumbai,40000
422,Sneha,25,Bangalore,35000
420,Amit,24,Mumbai,40000
809,Priya,21,Delhi,25000
587,Rohan,20,Kolkata,
77,Sneha,21,Chennai,45000
673,Mohan,21,Delhi,25000
120,Amit,20,Chennai,45000
54,Amit,24,Mumbai,35000
152,Sneha,21,Kolkata,40000
404,Aisha,20,Kolkata,40000
281,,24,Mumbai,40000
208,Priya,25,Delhi,35000
659,Amit,21,Bangalore,
910,Amit,24,Chennai,45000
979,Aisha,,Delhi,25000
9,Mohan,20,Bangalore,35000
870,Rohan,,Bangalore,45000
37,Mohan,22,Kolkata,30000
453,Rohan,21,,40000
652,,24,Delhi,
254,Rohan,20,Mumbai,40000
304,,20,Bangalore,40000
911,Rohan,21,Chennai,25000
572,Priya,21,Kolkata,40000
624,Priya,20,Chennai,
765,Rohan,24,Delhi,40000
993,Mohan,24,Kolkata,35000
263,Sneha,20,,
611,Priya,25,Chennai,35000
298,Priya,20,Kolkata,
415,Sneha,22,Kolkata,40000
151,Priya,23,Chennai,25000
849,Mohan,24,Kolkata,40000
641,,24,Mumbai,
957,Aisha,24,Bangalore,45000
551,Sneha,20,Kolkata,30000
852,Priya,22,,
489,Mohan,,Bangalore,25000
711,Mohan,,Bangalore,
148,Sneha,20,Delhi,30000
147,,21,Delhi,35000
778,Aisha,20,Bangalore,45000
741,,23,Mumbai,35000
854,Mohan,25,Bangalore,45000
951,,21,Kolkata,30000
660,Priya,25,Delhi,25000
349,Rohan,25,,30000
464,Mohan,20,Bangalore,30000
326,Mohan,25,Mumbai,40000
187,Amit,22,Bangalore,30000
124,Rohan,21,Kolkata,35000
920,Priya,25,Chennai,35000
609,Mohan,23,,
144,Mohan,20,Mumbai,45000
752,Amit,22,Delhi,35000
948,Mohan,21,Bangalore,
198,Mohan,21,Kolkata,
610,Rohan,21,Kolkata,35000
280,Rohan,24,Kolkata,45000
294,Sneha,25,,25000
897,Rohan,22,,25000
401,Amit,24,Chennai,
123,,25,Kolkata,
184,Amit,21,,45000
203,Amit,24,,40000
439,Sneha,23,Chennai,40000
247,Mohan,22,,
416,Aisha,,Bangalore,
837,Sneha,21,Delhi,30000
825,Aisha,23,Kolkata,35000
975,Amit,21,Delhi,45000
828,Priya,20,Mumbai,25000
955,Sneha,22,Bangalore,35000
130,Rohan,23,Bangalore,30000
638,Aisha,24,Mumbai,40000
403,Amit,21,Delhi,
845,,25,,35000
831,Priya,25,,30000
736,,,Mumbai,25000
982,Priya,22,Chennai,40000
220,Rohan,25,Chennai,
642,Rohan,22,Delhi,
984,Sneha,21,Delhi,45000
811,Rohan,20,,
868,,25,Chennai,45000
989,,24,Bangalore,45000
625,Aisha,21,Bangalore,35000
904,,25,Delhi,40000
820,Amit,24,Kolkata,
387,Sneha,21,Mumbai,
902,Amit,22,Chennai,
807,Rohan,21,Mumbai,30000
510,Priya,25,,30000
268,Aisha,20,Delhi,35000
882,Mohan,23,Mumbai,40000
442,Sneha,21,Kolkata,30000
497,Rohan,22,Delhi,40000
113,Priya,,Delhi,30000
692,Rohan,24,,25000
233,Sneha,24,Mumbai,40000
936,Amit,24,Mumbai,45000
608,,22,Delhi,45000
672,Priya,,Mumbai,
374,Priya,24,Mumbai,45000
664,Rohan,,Delhi,40000
909,Rohan,25,Chennai,40000
234,Amit,,,35000
939,Sneha,,Bangalore,
846,Rohan,22,,
677,Sneha,24,Delhi,35000
318,Mohan,22,,
649,Mohan,25,Chennai,25000
411,Sneha,24,Chennai,40000
966,Sneha,22,Delhi,45000
710,Aisha,23,Chennai,35000
359,Amit,24,Delhi,25000
259,Rohan,21,Kolkata,45000
745,Mohan,25,Bangalore,25000
628,Mohan,,Bangalore,35000
633,Priya,25,Chennai,
283,Amit,22,,45000
377,Rohan,25,Bangalore,40000
385,Sneha,22,,
225,Priya,23,Delhi,40000
102,,,Kolkata,25000
877,Amit,22,Chennai,40000
473,Priya,22,,40000
348,Aisha,25,Chennai,45000
506,Rohan,25,Kolkata,40000
640,Aisha,,Bangalore,40000
278,Aisha,22,Delhi,45000
798,Amit,22,Mumbai,45000
1000,Sneha,21,Bangalore,25000
974,Amit,20,Bangalore,45000
620,Amit,21,Chennai,
953,Mohan,20,Chennai,30000
865,Priya,,Chennai,35000
646,Mohan,21,Chennai,25000
913,Rohan,,Mumbai,40000
557,,23,Bangalore,45000
682,Amit,21,Bangalore,45000
578,Sneha,24,Chennai,25000
796,Priya,22,Mumbai,35000
86,Mohan,,Mumbai,25000
243,Priya,24,Kolkata,40000
699,Priya,,,40000
941,Aisha,20,Mumbai,35000
160,Aisha,20,,25000
525,Mohan,24,,40000
36,,22,Mumbai,30000
541,Rohan,24,,40000
171,,25,,35000
655,Amit,21,Chennai,35000
971,,24,Mumbai,40000
924,Amit,25,Bangalore,35000
914,Aisha,23,Bangalore,35000
900,Rohan,24,Chennai,35000
734,Amit,21,Delhi,25000
96,Sneha,25,Chennai,
564,Priya,23,Bangalore,40000
241,Sneha,20,Chennai,25000
743,Rohan,22,Bangalore,40000
864,Rohan,23,Chennai,40000
575,Rohan,,Bangalore,35000
691,Priya,21,Chennai,45000
461,,22,Mumbai,40000
554,Amit,22,Mumbai,25000
858,Mohan,20,Mumbai,35000
945,Sneha,20,Bangalore,30000
207,Priya,21,Kolkata,30000
393,Aisha,,Delhi,30000
795,Mohan,20,,40000
871,Rohan,,Chennai,45000
398,Priya,23,Delhi,30000
767,Priya,,Bangalore,30000
915,,23,Chennai,45000
218,Sneha,21,Mumbai,
5,Aisha,24,Mumbai,25000
769,,25,,45000
643,Mohan,25,Mumbai,45000
965,Sneha,21,Kolkata,40000
613,Priya,20,Bangalore,
739,Aisha,21,,
547,Rohan,22,Mumbai,40000
726,Amit,24,Mumbai,30000
986,Mohan,,Mumbai,25000
684,Rohan,25,Kolkata,45000
99,,,Delhi,
805,Priya,,Bangalore,30000
728,Mohan,20,,35000
574,,21,Bangalore,25000
407,Rohan,21,Chennai,35000
503,Aisha,20,Bangalore,25000
48,Priya,21,Bangalore,
33,Rohan,23,Delhi,25000
780,Priya,21,Chennai,25000
840,Rohan,21,Delhi,35000
201,Sneha,21,Delhi,30000
135,Amit,20,Kolkata,35000
28,Mohan,,Chennai,
947,Rohan,22,Bangalore,
231,Aisha,21,Mumbai,25000
490,,24,Delhi,45000
773,Priya,20,Bangalore,35000
379,Priya,25,Chennai,35000
289,,24,Chennai,40000
419,Amit,24,,40000
675,,20,Bangalore,40000
392,Aisha,20,Delhi,45000
593,Mohan,,Chennai,40000
499,Mohan,22,Delhi,30000
139,Rohan,23,Kolkata,30000
63,Mohan,24,Mumbai,25000
472,Amit,,Mumbai,25000
648,Sneha,20,Kolkata,25000
129,Aisha,24,Bangalore,45000
329,Priya,23,Chennai,30000
521,Priya,22,Bangalore,30000
839,,25,,35000
140,Priya,,Delhi,30000
65,Mohan,20,Chennai,25000
813,Sneha,,Bangalore,45000
15,Priya,21,Delhi,30000
157,Amit,25,Bangalore,30000
41,Sneha,21,Chennai,
493,Sneha,20,Chennai,
380,Aisha,25,Chennai,25000
188,,23,Mumbai,
764,Amit,,Delhi,40000
217,,20,Delhi,40000
922,Amit,22,,35000
792,Mohan,,Kolkata,
53,,20,Delhi,40000
879,Aisha,25,Kolkata,
338,,20,,
749,Sneha,24,,25000
720,Amit,24,,
725,,21,Bangalore,40000
296,Aisha,24,Delhi,
702,Aisha,21,Delhi,
252,Mohan,25,Mumbai,45000
727,Amit,20,Kolkata,30000
462,Mohan,22,Bangalore,
456,Aisha,22,Bangalore,25000
271,Amit,24,,45000
816,Mohan,23,Mumbai,30000
863,Amit,20,Chennai,
270,Mohan,23,Mumbai,35000
528,Rohan,22,Delhi,30000
202,Rohan,22,Chennai,40000
162,Amit,25,Chennai,
556,Amit,20,Chennai,25000
730,,20,Mumbai,25000
402,Priya,,Chennai,40000
703,Priya,,Chennai,25000
477,Priya,21,Mumbai,35000
822,Amit,21,,40000
772,Amit,21,Delhi,30000
106,Amit,23,,45000
566,Aisha,24,Chennai,30000
390,Aisha,21,Chennai,30000
2,Priya,21,,25000
860,Mohan,25,Delhi,30000
975,Amit,21,Delhi,45000
562,,25,Bangalore,35000
932,Mohan,21,,
81,Priya,22,,25000
206,Priya,25,,
35,Aisha,22,Mumbai,25000
943,Amit,23,Bangalore,45000
776,Priya,22,Chennai,25000
509,Priya,20,Bangalore,30000
428,Priya,,,25000
455,Rohan,21,,45000
585,,21,Bangalore,
367,Rohan,22,Mumbai,45000
92,Mohan,25,Kolkata,
340,Rohan,23,Chennai,35000
898,Mohan,21,,35000
565,Mohan,23,Chennai,45000
346,Rohan,21,Kolkata,
777,,21,Mumbai,25000
242,Rohan,,Delhi,
14,Amit,24,Chennai,45000
316,Rohan,22,Chennai,
601,Mohan,24,,35000
388,Sneha,24,Bangalore,30000
274,Sneha,24,,35000
167,,23,Chennai,40000
841,Amit,,Chennai,45000
21,Sneha,22,Bangalore,35000
647,Mohan,23,Mumbai,
819,Amit,22,,40000
485,,23,Delhi,25000
313,Rohan,22,Chennai,40000
505,Amit,24,Delhi,25000
832,Rohan,20,Chennai,35000
244,Rohan,20,Bangalore,40000
567,Amit,25,Kolkata,30000
876,Amit,20,Mumbai,
563,Aisha,22,Mumbai,25000
236,Aisha,23,,25000
687,Sneha,22,Bangalore,25000
958,Aisha,24,Mumbai,
190,Amit,25,Bangalore,40000
976,Sneha,23,Delhi,35000
700,Amit,22,Chennai,
511,Amit,22,,
475,Sneha,21,Mumbai,45000
857,Mohan,25,Bangalore,
748,Amit,22,,45000
253,Aisha,,Chennai,25000
22,Sneha,22,Delhi,40000
460,Mohan,23,Chennai,40000
277,,25,Bangalore,35000
956,Sneha,25,Chennai,45000
386,Sneha,23,,
806,Sneha,22,Chennai,40000
344,Priya,24,Bangalore,30000
770,,25,,25000
131,Aisha,20,Bangalore,30000
872,Amit,23,,
88,Sneha,25,,25000
331,Mohan,25,Mumbai,35000
467,Priya,25,,35000
122,Rohan,,Kolkata,35000
300,Priya,,Mumbai,40000
861,Priya,24,Chennai,25000
